category,value,question,answer
lakes & rivers,100,River mentioned most often in the Bible,the Jordan
lakes & rivers,200,Scottish word for lake,loch
lakes & rivers,800,River in this famous song:,the Volga River
lakes & rivers,400,American river only 33 miles shorter than the Mississippi,the Missouri
lakes & rivers,500,"World's largest lake, nearly 5 times as big as Superior",the Caspian Sea
inventions,100,Marconi's wonderful wireless,the radio
inventions,200,"In 1869 an American minister created this ""oriental"" transportation",the rickshaw
inventions,300,A 1920's hunting trip to Canada inspired Birdseye's food preserving method,freezing
inventions,400,This fastener gets its name from a brand of galoshes it was used on,a zipper
animals,100,These rodents first got to America by stowing away on ships,rats
animals,200,"There are about 40,000 muscles & tendons in this part of an elephant's body",the trunk
animals,300,"When husbands ""pop"" for an ermine coat, they're actually buying this fur",a weasel
animals,400,"Close relative of the pig, though its name means ""river horse\""",the hippopotamus
animals,500,"If this species of hybrid's parents were reversed, you'd get a hinny",mule
foreign cuisine,100,"The ""coq"" in coq au vin",chicken
foreign cuisine,200,"A British variety is called ""bangers"", a Mexican variety, ""chorizo\""",sausages
foreign cuisine,300,Jewish crepe filled with cheese,a blintz
foreign cuisine,400,French for a toothsome cut of beef served to a twosome,Châteaubriand
actors & roles,100,Video in which Michael Jackson plays a werewolf & a zombie,"\""Thriller\"""
actors & roles,200,"2 ""Saturday Night"" alumni who tried ""Trading Places\""",Dan Aykroyd & Eddie Murphy
actors & roles,300,"He may ""Never Say Never Again"" when asked to be Bond",Sean Connery
actors & roles,400,"The blonde preferred in the film ""Gentlemen Prefer Blondes\""",Marilyn Monroe
actors & roles,500,"Sam Shepard played this barrier breaker in ""The Right Stuff\""",Colonel Chuck Yeager
the bible,200,"When ""Joshua Fit The Battle Of Jericho"", these took a tumble",the walls
the bible,400,His price was 30 pieces of silver,Judas
the bible,600,"According to the Bible, it wasn't necessarily an apple",the forbidden fruit (or the fruit of the Tree of Knowledge)
the bible,800,"Though its name means ""city of peace"", it's seen over 30 wars, the last in 1967",Jerusalem
the bible,1000,"According to 1st Timothy, it is the ""root of all evil\""",the love of money
\'50's tv,200,"Occupation of Richard Diamond, Peter Gunn & Mike Hammer",private eyes (or private detectives)
\'50's tv,400,"She was ""Our Miss Brooks\""",Eve Arden
\'50's tv,600,Amount Michael Anthony gave out each week on behalf of John Beresford Tipton,$1 million
\'50's tv,800,"His card read ""Have gun, will travel\""",Paladin (Richard Boone)
\'50's tv,1000,Name under which experimenter Don Herbert taught viewers all about science,Mr. Wizard
national landmarks,200,She came from France to harbor America's freedom,the Statue of Liberty
national landmarks,400,"When he was home, George Washington slept here",Mount Vernon
national landmarks,600,"The cornerstone of Massachusetts, it bears the date 1620",Plymouth Rock
national landmarks,800,"Site where John Hancock signed his ""John Hancock\""",Independence Hall
national landmarks,1000,D.C. building shaken by November '83 bomb blast,the Capitol
notorious,200,"It was probably a lyre, not a fiddle, if he played it while Rome burned",Nero
notorious,400,"His book, translated as ""My Struggle"", outlined plans to conquer Europe",Adolf Hitler
notorious,600,"Lenin called him ruthless, and his purges proved he was",Stalin
notorious,1000,"After the deed, he leaped to the stage shouting ""Sic semper tyrannis\""",John Wilkes Booth
4-letter words,200,Pulled the trigger or what's in a jigger,shot
4-letter words,400,Basketball defense or Serling's twilight area,zone
4-letter words,600,"Little girls do it with a rope, Van Halen does it in a song",jump
4-letter words,1000,"It's the first 4-letter word in ""The Star Spangled Banner\""",what
4-letter words,1000,The president takes one before stepping into office,oath
holidays,0,The third Monday of January starting in 1986,Martin Luther King Day
state capitals,100,Until 1875 its dual capitals were New Haven & Hartford,Connecticut
state capitals,200,This N.M. town is the oldest city that's a state capital,Santa Fe
state capitals,300,"Crossing the Delaware on Xmas, 1776, Washington defeated the Hessians at this N.J. capital",Trenton
state capitals,400,"It actually is 5,280 feet above sea level",Denver
state capitals,500,"The name shows its founder, Roger Williams, believed God led him there",Providence
the '40's,100,"Though faster than a speeding bullet, he was ruled 4-F",Superman
the '40's,200,"By war's end, they had banked over 13 million units of blood for plasma",the Red Cross
the '40's,300,"Not his singing, but a lack of lunch caused fan to swoon at his Paramount Theater concert",Frank Sinatra
the '40's,400,"Destination of MacArthur's ""I shall return\""",the Philippines
the '40's,500,Wartime pseudonym of Mrs. I. Toguri D'Aquino,Tokyo Rose
transportation,100,"Type of auto engine, or a tomato cocktail",V8
transportation,200,"Lindbergh was not first to fly the Atlantic, but first to do it this way",solo
transportation,300,"Derived from words ""American"", ""travel"", & ""track"", it provides most U.S. passenger rail service",Amtrak
transportation,400,"London's, not New York's, was the first ever built","subway (underground, metro)"
transportation,500,"Changing lines, you could have at one time ridden these from Freeport, IL to Utica, NY",streetcars
country music,100,"A grandma before her 30th birthday, she's the real ""Coal Miner's Daughter\""",Loretta Lynn
country music,200,Nashville's Ryman Auditorium was its home for years,the Grand Ole Opry
country music,300,"In ""True Grit"", he played a cowboy, but not his famous Rhinestone one",Glen Campbell
country music,400,His famed San Quentin concert inspired inmate Merle Haggard,Johnny Cash
by the numbers,100,The 2 digits that give James Bond license to kill,00
by the numbers,200,Three Dog Night called this the loneliest number,"\""One\"""
by the numbers,300,Number of red stripes on current U.S. flag,7
by the numbers,400,Total of Disney's Dalmatians and dwarfs,108
by the numbers,500,Broadway hit that takes Fellini film a ½ step further,Nine
wild west,200,"One of its newspapers was appropriately called ""The Epitaph\""",Tombstone
wild west,400,She once shot a cigarette from the mouth of the German crown prince,Annie Oakley
wild west,600,"In 650,000 miles the mail was lost only once",the Pony Express
wild west,800,"Brothers Virgil & Morgan were shot here, but Wyatt Earp emerged unscathed",(the gunfight at) the OK Corral
wild west,1000,"It ran 2,000 miles, from Independence, Missouri to Oregon City, Oregon",the Oregon Trail
opera,200,The Lone Ranger's theme is the opera's overture,(The) William Tell (Overture)
opera,400,Profession of Rossini's Figaro,a barber
opera,1000,"This aria from ""Pagliacci"" gave him the first million-selling record ever",Enrico Caruso
opera,800,Lt. Pinkerton's girlfriend Cio-Cio-San,Madame Butterfly
opera,1000,1976 was also the bicentennial of this famed Milan opera house,Teatro alla Scala
sports,200,"The Greeks reckoned time from this event, first held in Olympia in 776 B.C.",the Olympics
biology,200,Genus Rana; frequent victim of biology class dissections,a frog
biology,400,L.B.J.'s hound dog or Darwin's ship,the Beagle
biology,600,The basic unit of life; 3 billion die every minute in your body,cells
biology,800,It puts the green in greenery,chlorophyll
biology,1000,Deoxyribonucleic acid,DNA
foreign phrases,200,"In Germany, said before a toast & after a sneeze",Gesundheit
foreign phrases,400,"American equivalent to English ""the bonnet on a lorry\""",the hood of a truck
foreign phrases,600,"From French, it literally means ""a pen name\""",nom de plume
foreign phrases,800,"The vidi, in ""Veni, vidi, vici\""",I saw
religion,200,He was the doubter among the Apostles,(St.) Thomas
religion,400,Continent with the largest Jewish population,North America
religion,600,Color of smoke signifying election of new Pope,white
religion,800,"This Buddhist sect seeks truth through concepts like ""the sound of one hand clapping\""",Zen
religion,1000,"This word for the Mohammedan religion means ""submission to the will of God\""",Islam
the calendar,0,Calendar date with which the 20th century began,"January 1, 1901"
u.s. history,100,This colonial inventor suggested Daylight Saving Time,Benjamin Franklin
u.s. history,200,"On the eve of the Civil War, some 2,000 slaveholders were of this race",black (or negro)
3-letter words,100,"A fedora, homburg or derby",a hat
3-letter words,200,Quixote or Drysdale,a Don
3-letter words,300,"Opposite of flow, tides do it",ebb
3-letter words,400,"Where things are nipped in, or Lou's partner",bud
3-letter words,500,"Some people have a quick one, which beats a ½ one",wit
automobiles,100,"He'd build you a Model T ""in any color, so long as it was black\""",Henry Ford
automobiles,200,"This toy company builds more cars than Ford, G.M. & Chrysler combined",Mattel
automobiles,300,"Powered by this, the Stanley Special won in Daytona in 1907 at 197 MPH",steam
automobiles,400,"In Japan it's called ""rasshu awa""; in L.A, 4 to 6 P.M.",rush hour
automobiles,400,"Models of Ford, Chrysler, & Cadillac are all named for cities in this S. European country",Spain
broadway,100,4-letter play about 9-lived creatures,Cats
broadway,200,"\""The avenue we're taken to"" in this long-running toe-tapper",42nd Street
broadway,300,Nickname of the American Theatre Wing's Antoinette Perry Award,the Tony
broadway,400,"2-time Academy Award winner who reprised ""Little Foxes"" in 1980",Elizabeth Taylor
broadway,500,100s of former cast members appeared onstage when it became longest-running show,A Chorus Line
animals,100,"Scooby-Doo, Goofy & Pluto are cartoon versions",dogs
animals,200,"\""Eager"" animal that symbolizes Canada",the beaver
animals,300,"They include killers, humpbacks & sperms",whales
animals,500,Tibetan ox used to carry travelers and mail,a yak
royalty,100,"While on the Riviera, she made ""To Catch a Thief"" & caught a prince",Princess Grace
royalty,200,"King for 72 years, he devoted more than 40 to building Versailles",Louis XIV (of France)
royalty,300,"Temporarily exiled in '53, this Islamic ruler was permanently banished in '79",Shah of Iran
royalty,400,"Royal families of Germany, Russia, Denmark & Greece could call her ""the grandmother of Europe\""",Queen Victoria (of England)
royalty,500,"Country where Queens Beatrix, Wilhelmina & Juliana were inaugurated, not crowned",the Netherlands (Holland)
new testament,200,Jesus' first miracle was to turn water into this,wine
new testament,400,"According to both New & Old Testaments, how ""thou shalt love they neighbor\""",as thyself
new testament,600,"The ""sea"" that Jesus walked on",the Sea of Galilee
new testament,800,"In Damascus, ""the scales fell from his eyes\""",Paul (Saul)
new testament,1500,"\""Blessed are"" these ""for they shall be called the children of God\""",the peacemakers
colleges,200,"A type of shoe or cloth, or where a Rhodes scholarship will get you",Oxford
colleges,400,"Home of over 52,000 Buckeyes",Ohio State University
colleges,600,"Latin for field, or college grounds",campus
colleges,800,"In 1934, Gerald Ford was voted MVP of this school's football team",(University of) Michigan
colleges,1000,"Women's college that shares Harvard's classes, housing & facilities but still is separate",Radcliffe
mountains,600,First volcano to erupt in continental U.S. since 1921,Mount St. Helens
mountains,800,Home to alpacas & llamas,the Andes
mountains,1000,"Tibetans call it Chomolunga, Nepalese call it Sagarmatha, both call it theirs",Mount Everest
world of food,200,"Like chop suey, this Chinese sweet was invented in America",the fortune cookie
world of food,400,"When its coffee crop was destroyed around 1870, Ceylon switched to growing this",tea
world of food,1000,What Merv has a lovely bunch of in this song:,coconuts
world of food,800,"French for ""sour wine"", one variety is literally just that",vinegar
world of food,1000,"Stem of a variety of lily, known in Old England as ""sparrow grass\""",asparagus
baseball,200,Before 1859 they sat in padded rocking chairs behind the catcher,umpires
astronomy,200,"Self-luminous gaseous body, or hollywood ""celeb\""",a star
astronomy,400,"The evening or morning ""star"" is really this planet",Venus
astronomy,600,"Planet once thought unique, it no longer runs ""rings"" around its neighbors",Saturn
astronomy,800,"Launched Oct. 4th, 1957, it was Earth's 1st artificial satellite",Sputnik
astronomy,1000,Only planet to have seasons similar to Earth's,Mars
language,0,It is the 2nd most spoken language in the world,English
geography,100,"Christmas, Easter, or Bermuda, for example",islands
geography,200,"Europe's only wild monkeys live on this ""rock\""",(rock of) Gibraltar
geography,300,"1/3 the size of U.S., this royal kingdom has no rivers or lakes but lots of oil",Saudi Arabia
geography,400,Largest country entirely in Europe,France
geography,500,"Clocks in Lima, Peru, read the same as in this U.S. time zone",Eastern
by the numbers,100,"The 1st asked in this game is usually ""Animal, vegetable or mineral?\""",Twenty Questions
by the numbers,200,The two point values an ace can have in blackjack,1 and 11
by the numbers,300,"Police precinct Barney Miller ""dozen"" work at any more",the 12th
by the numbers,400,A race run by couples tied together at the ankle,a 3-legged race
by the numbers,500,"Musical about Continental Congress, it included song ""Sit Down, John\""",1776
toys & games,100,Number of pockets on a pool table,6
toys & games,200,Color that always has opening move in chess,white
toys & games,300,"Versions of this board game take place in London, Madrid, & Atlantic City",Monopoly
toys & games,400,Binney & Smith makes them in 64 colors,(Crayola) crayons
toys & games,500,She's been a teenage fashion model for over 25 years,Barbie
transportation,100,"It could be paddle wheel, cargo or tramp",a steamer
transportation,200,"Charlton Heston was ""on track"" with it in ""Ben Hur\""",a chariot
transportation,500,Vehicle Butch Cassidy rode during this song:,a bicycle
flowers & trees,100,"Its seed is used in baking, but 1 type produces opium",the poppy
flowers & trees,200,"Long associated with Lebanon, this tree is on its flag",a cedar
trivia,100,In 1983 Americans used over 1¼ million gallons of this beach product,suntan lotion
trivia,200,"When it was rung for Chief Justice John Marshall's funeral, it cracked",the Liberty Bell
trivia,300,"\""Kingdom"" that Khrushchev couldn't visit in 1959 U.S. trip",the Magic Kingdom/Disneyland
trivia,400,"Dr. Seuss' egg-hatching elephant who was ""faithful, 100%\""",Horton
trivia,500,It spent the night in a discount-house parking lot before heading to L.A. Coliseum,the Olympic torch
the civil war,200,Lincoln's four brothers-in-law all served in this army,the Confederate army
the civil war,400,"Though shots fired at this garrison started the war, no casualties resulted",Fort Sumter
the civil war,600,He was Lincoln's first choice to lead the Union army,Robert E. Lee
the civil war,800,State that seceded from state that seceded,West Virginia
the civil war,1000,"General Nicknamed ""Uncle Billy"" who believed in total war",(William Tecumseh) Sherman
anatomy,200,"Mark Anthony borrowed them, then bent them",ears
anatomy,400,Over ½ of these are in your hands & feet,your bones
anatomy,600,Number of chambers in a judge's heart,4
anatomy,800,"The body has over 60,000 miles of them",blood vessels
anatomy,3500,"Prominent zygomatic bones, considered an attractive facial feature",cheek bones
movies,200,"To Dustin Hoffman this '82 film was a ""drag\""",Tootsie
movies,400,"Film featuring March & Gaynor, Garland & Mason or Streisand & Kristofferson",A Star Is Born
movies,600,"In '84 he's a destroyer, in '82 he was just a barbarian",Conan
movies,800,Walter Matthau & Tony Curtis both coached this kids' baseball team,The Bad News Bears
movies,1000,"Went from bit part in film ""Little Shop of Horrors"" to Oscars for Best Actor & Best Support",Jack Nicholson
state capitals,200,"It succeeded Fort Whipple, Prescott, & Tucson as capital",Phoenix
state capitals,400,Lincoln lived & practiced law here for 25 years before becoming president,Springfield
state capitals,600,"1 of 4 state capitals that end in word ""City\""","(1 of) Salt Lake City, Oklahoma City, Jefferson City, Carson City"
alphabet soup,200,He's the heavyweight of the A-Team,Mr. T
alphabet soup,400,Caveman comic strip created by Johnny Hart,"\""B.C.\"""
alphabet soup,600,Letter shared by sensuous woman author & 76'ers Doctor,J
alphabet soup,800,What Bo Derek would have been in ancient Rome,X
alphabet soup,1000,Binet & Simon's measure of mental age,the IQ
business & industry,200,"\""Body-building"" brand of bread from ""the bakery people of IT&T\""",Wonder Bread
business & industry,400,"In 1978, this German co. became first foreign automaker to make cars here",Volkswagen
business & industry,600,This company owns the world's tallest building,Sears(-Roebuck)
business & industry,800,Piggly Wiggly stores were the first of these,supermarkets
american government,0,"Since 1970, the only cabinet department not headed by a secretary",the Attorney General's Department
american literature,100,Melville's white whale tale,Moby-Dick
american literature,200,"Lincoln called it ""the book that caused the big war\""",Uncle Tom's Cabin
american literature,300,"Steinbeck novel dubbed ""the Uncle Tom's Cabin of the Depression\""",The Grapes of Wrath
american literature,400,"He gave Hester a scarlet ""A\""",Nathaniel Hawthorne
american literature,500,"Great-grand nephew of Francis Scott Key, he was the voice of the Jazz Age",F. Scott Fitzgerald
all numbers,100,"It was ""enough"" for Dick van Patten",Eight
all numbers,200,"A teen's ""sweet"" age",16
religion,100,Country that is home to Parsis & Sikhs,India
religion,200,More common name for The Watchtower Bible & Tract Society,Jehovah's Witnesses
religion,300,Some 3 million pilgrims visit this small French town annually,Lourdes
trivia,100,"\""Only you can prevent forest fires\""",Smokey the Bear('s motto)
trivia,200,Nickname of our 16th president & Li'l Abner's son,Honest Abe
trivia,300,"Though this actress' cat is named for Buster Keaton, she's really no relation",Diane Keaton
trivia,400,"Above this I.Q. mark, you're considered a genius",140
trivia,500,State name that's misspelled on the Liberty Bell,Pennsylvania
national parks,100,"Due to earthquakes, this Yellowstone geyser no longer erupts on time",Old Faithful
national parks,200,Logs in this forest may be 150 million years old,the Petrified Forest
national parks,300,There are still unexplored areas of these New Mexico caves,Carlsbad Caverns
national parks,400,"Mount Whitney, highest point in lower 48 states, is in this park named for its trees",Sequoia National Park
national parks,500,"This southern subtropical wilderness is home to manatees & TV's ""Gentle Ben\""",the Everglades
trios,100,D'Artagnan's best buddies,the Three Musketeers
trios,200,"With them under foot, Uncle Donald's life wasn't duck soup","Huey, Dewey, and Louie"
trios,300,"\""Candy Man"" who began with the Will Mastin Trio","Sammy Davis, Jr."
trios,400,Classic TV puppet show which also featured Beulah Witch & Delores Dragon,"Kukla, Fran & Ollie"
trios,500,"Apollo II trio; while Collins circled Moon, these 2 landed",Neil Armstrong & Buzz Aldrin
chemistry,200,Coal & diamonds both consist of it,carbon
chemistry,400,Common kitchen substance known chemically as sodium chloride,salt
chemistry,1000,"The chemical symbol for sulfuric acid, it completes this poem:  ""Say farewell to the professor He'll be with us no more For what he thought was H2O Was...\""",H
chemistry,800,"Used in cars' catalytic converters, it's more expensive than gold",platinum
chemistry,1000,U.S. & Canada produce almost entire world supply of this lightest inert gas,helium
the press,200,"It carries the motto ""All the news that's fit to print\""",The New York Times
the press,400,First published in 1889 by the Dow Jones Co.,The Wall Street Journal
the press,600,"Harvard Lampoon alumnus, by 1937 he owned 25 daily newspapers & a California castle",William Randolph Hearst
the press,1000,The official news agency of the Soviet Union,TASS
travel & tourism,200,"Although this Roman arena could hold 50,000, it's not on the Jackson tour",the Colosseum
travel & tourism,400,Date just west of this is 1 day later than the date just east,the International Date Line
travel & tourism,800,"Official endorsement to show validity of a passport, or a major credit card",a visa
travel & tourism,1000,"Currency of Liechtenstein, Luxembourg & Andorra",the franc
"starts with ""j\""",200,The first Mrs. Bonaparte,Josephine
"starts with ""j\""",400,A puzzle people go to pieces over,a jigsaw puzzle
"starts with ""j\""",600,"The police say ""fine"" for crossing the street this way",jaywalking
"starts with ""j\""",3000,"The only ""J"" in the Pledge of Allegiance",justice
"starts with ""j\""",1000,Event an Olympian throws,javelin
shakespeare,200,"Hamlet found ""something rotten"" in this country",Denmark
shakespeare,400,"The Moor who loved Desdemona ""not wisely, but too well\""",Othello
shakespeare,600,"Battle of the sexes on which musical ""Kiss Me Kate"" was based",The Taming of the Shrew
shakespeare,800,Chubby character who loved his ale & supplied the name for one,Falstaff
shakespeare,1000,She was 8 years older & 3 months pregnant when Shakespeare married her,Anne Hathaway
sport of kings,200,Horse racing was a sport at these ancient Greek contests,the Olympics
sport of kings,400,"Collective name of Kentucky Derby, Preakness, & Belmont Stakes",the Triple Crown
sport of kings,600,"Billy the Cobbler, or a famous jockey",Willie Shoemaker
sport of kings,800,"Since 1936, because of this, horses ""say cheese"" at the end of races",a photo finish
sport of kings,1000,All U.S. thoroughbreds are officially born on this day of the year,January 1
the olympics,0,"Of the 5 continents symbolized by Olympic rings, only one never to hold Games",Africa
fiction,100,"Shakespeare's ""star-crossed"" lovers",Romeo and Juliet
fiction,200,"The ""lovable"" family of Peter Pan",the Darlings
fiction,300,"\""Cat on a Hot Tin Roof's"" portly patriarch",Big Daddy
fiction,400,"The Philip Roth character with a ""complaint\""",Portnoy
fiction,500,Pasternak's Moscow medic,Dr. Zhivago
first ladies,100,"She talked to Arnold's class about drugs on TV's ""Diff'rent Strokes\""",Nancy Reagan
first ladies,200,"One of her early suitors was her husband's arch rival, Stephen A. Douglas",Mary Todd Lincoln
first ladies,300,"Teddy's niece, her married & maiden names were the same",Eleanor Roosevelt
first ladies,400,Her tough Texas husband preferred her nickname to calling her Claudia Alta,Lady Bird Johnson
first ladies,1000,She was expelled from Society of Friends for marrying non-Quaker 4th president,Dolley Madison
mysteries,100,Dashiell Hammett detective played on the screen by Humphrey Bogart,Sam Spade
mysteries,200,1st cousins Dannay & Lee wrote the Ellery Queen stories under this pen name,Ellery Queen
mysteries,300,"This agency's symbol of an unblinking eye gave birth to the phrase ""private eye\""",the Pinkerton agency
mysteries,400,She's Agatha Christie's ageless amateur detective,Miss (Jane) Marple
mysteries,500,"Author of ""Burr"" who wrote chilling mysteries under the pen name Edgar Box",Gore Vidal
racy ladies,100,"Driving with a broken wrist, Janet Guthrie was the 1st woman to compete in this race",the Indianapolis 500
racy ladies,200,"Though a hot prospect in '80, Beth Heiden was frozen out of gold in this Olympic sport",speed skating
racy ladies,300,Never has to jockey for position as Mrs. Fred Astaire,Robyn Smith
addresses,100,The prime minister of England lives here,10 Downing Street
addresses,200,Feathered friend who lives at 123½ Sesame Street,Big Bird
addresses,300,He shared digs with John Watson at 221-B Baker Street,Sherlock Holmes
addresses,400,"\""Kookie"" Byrnes parked cars for Dino's Lodge",77 Sunset Strip
addresses,500,"You'd find this at 1313 S. Harbor Boulevard in Anaheim, CA",Disneyland
trivia,100,They were formerly called the Sandwich Islands,Hawaii
trivia,200,Number of blank tiles in a Scrabble set,2
trivia,300,Longest river in Canada or the SCTV bros.,the Mackenzie
trivia,400,It's whom Boris Spassky lost the chess crown to in 1972,Bobby Fischer
trivia,500,"Awarded medal as ""1st woman to be killed in action"" in WWII: she was Gable's wife",Carole Lombard
black america,200,The first black in Big League Baseball,Jackie Robinson
black america,400,"Forced to give up crown as Miss America because of photos in ""Penthouse\""",Vanessa Williams
black america,600,"A symbol for black performers in film since the '50's, he won an Oscar as Best Actor in '63",Sidney Poitier
black america,800,"As result of anti-slavery raid on Harper's Ferry, his ""body lies a moldering in the grave\""",John Brown
black america,1000,"Harriet Tubman, who freed over 300 slaves, was 1 of its foremost ""conductors\""",the Underground Railroad
grammar,200,"The adverb in ""think fast\""",fast
grammar,400,The superlative form of good,best
grammar,2000,"It can be common, proper, collective or concrete",a noun
grammar,800,3-letter ending of present participles & gerunds,-ing
grammar,1000,It comes at the end of a declarative sentence,a period
brothers & sisters,200,"An ""easy rider"" whose sister played an easy lady in ""Klute\""",Peter Fonda
brothers & sisters,400,"In the Bible, Aaron was this brother's mouthpiece in dealing with Pharaoh",Moses
brothers & sisters,600,"Nursing mother who wouldn't make ""house calls"", she's Vanessa's sister",Lynn Redgrave
brothers & sisters,800,"Apollo's loving sister, sometimes served on the half shell",Venus
greek mythology,200,Hilltop home of the gods,Mt. Olympus
greek mythology,400,"He ultimately got ""fleeced"" by Medea",Jason
greek mythology,600,"A challenge to any optician, these giants had only one eye",cyclops
greek mythology,800,"A ""bull"" of a man, he lived in a labyrinth",the Minotaur
greek mythology,1000,"First member of the ""me"" generation, this youth fell in love with his own reflection",Narcissus
foods,200,"\""Real men"" don't eat this French custard cheese pie",quiche
foods,400,"On the market since 1896, it wasn't until 1912 that they included prizes",Cracker-Jacks
soviet union,200,"Largest Soviet newspaper, its name means ""Truth\""",Pravda
soviet union,400,Daughter of this Soviet ruler has been living in America since 1967,Stalin
soviet union,600,Soviet republic that has same name as an American state,Georgia
soviet union,800,Soviet official who advocated using gasoline-filled bottles against Nazi tanks,Molotov
soviet union,2000,Kenny Ball did this jazzed up version of an old Russian folk song,"\""Midnight In Moscow\"""
science,0,The mammal that holds the record for the longest lifespan,man
geography,100,Formerly Formosa,Taiwan
geography,200,Dutch is still an official language in what is now called Suriname,Dutch Guiana
geography,300,"8th most populous country in the world, this ""Bengal Nation"" was once East Pakistan",Bangladesh
geography,400,"First colony since 1776 to break from Britain without consent, it is now Zimbabwe",Rhodesia
geography,500,About 1/3 of Africa's Pygmy population lives in what was once Belgian Congo,Zaire
double talk,100,"Not a Hawaiian cow, but a dress worn by Hawaiian women",a muumuu
double talk,200,Affirmative reply to an admiral's command,aye aye
double talk,300,Adopted baby of Barney & Betty Rubble,Bamm-Bamm
double talk,400,Washington's panda with pregnancy problems,Ling-Ling
double talk,500,"British rockers whose name came from villain in sci-fi film ""Barbarella\""",Duran Duran
"\""jacks"" of all trades",100,He celebrated his 39th birthday 41 times,Jack Benny
"\""jacks"" of all trades",200,"Between him & his wife, they licked the platter clean",Jack Sprat
"\""jacks"" of all trades",300,"He didn't find gold in the Klondike, so he wrote ""The Call of the Wild\""",Jack London
"\""jacks"" of all trades",400,"His nickname was the ""Manassa Mauler\""",Jack Dempsey
"\""jacks"" of all trades",500,"2nd generation pop singer, he's sung on every ""Love Boat"" voyage",Jack Jones
ships,100,"\""Unsinkable"" for most of its maiden voyage in 1912",the Titanic
ships,200,Merchant ship that made the trip in 1620 from Plymouth to Cape Cod,the Mayflower
ships,300,"He entertained world leaders on his yacht ""Christina\""",(Aristotle) Onassis
ships,400,Royal neighbor of the Spruce Goose,the Queen Mary
ships,500,"At some 500' long & with 9 masts, the ""Cheng Ho"" was largest of this kind",a junk
"\""b"" movies",100,"In '61 movie, Audrey Hepburn's alternative to brunch in bed",Breakfast at Tiffany's
"\""b"" movies",200,Burt Lancaster film in which his only friends were feathered,Birdman of Alcatraz
"\""b"" movies",300,Poignant movie in which Peter Sellers turned on the TV & tuned out the world,Being There
"\""b"" movies",400,This title describes Carroll Baker's thumb-sucking character & nightie she wore,Baby Doll
"\""b"" movies",500,Sensitive Mart Crowley treatment of gays marching to a different drummer,The Boys in the Band
sports,100,What Gary Player plays professionailly,golf
sports,500,"Boxer whose life was portrayed in ""Somebody Up There Likes Me\""",Rocky Graziano
labor unions,200,Notorious labor leader missing since '75,Jimmy Hoffa
1789,200,"Washington proclaimed Nov. 26, 1789 this first national holiday",Thanksgiving
1789,400,Why April 28th was a bad day for Capt. Bligh,the day of the mutiny on the Bounty
1789,1000,"Now totaling over $1 trillion, it began 11 days after Treasury was established in 1789",the national debt
tourist traps,200,Both Ferde Grofe' & the Colorado River dug this national park,the Grand Canyon
tourist traps,400,Seaside resort that has a monopoly on East Coast gambling,"Atlantic City, New Jersey"
tourist traps,600,"Since '27, stars have made good impressions at this Hollywood site",Mann's Chinese Theatre
tourist traps,800,A thrilling destination for tight-rope walkers & honeymooners,Niagara Falls
tourist traps,1000,Tourists know this Catholic mission as Davy Crockett's last stand,the Alamo
literature,200,"Depending on the book, he could be a ""Jones"", a ""Sawyer"", or an ""Uncle\""",Tom
literature,400,"He wrote ""The 3 Musketeers""; his son wrote ""Camille\""",(Alexandre) Dumas
literature,600,Where you can't go again in Thomas Wolfe title,home
literature,800,Irving's bird-like hero chased by the Headless Horseman,Ichabod Crane
literature,1000,Shaw's scorched saint,St. Joan of Arc
homonyms,200,Hindu hierarchy or a play's actors,a caste (cast)
homonyms,400,Near or a purchase,by (buy)
homonyms,600,"A fixed look, or Ginger Rogers' partner",a stare (Astaire)
homonyms,1000,Didn't see the fog,missed (mist)
homonyms,1000,Where ships dock or what a jury consists of,piers (peers)
tv trivia,200,"Last season, this series mourned the loss of Sgt. Esterhaus",Hill Street Blues
tv trivia,400,He went from the Ponderosa to the prairie,Michael Landon
tv trivia,600,"In 1970 he had a ""Goodtime Hour\""",Glen Campbell
tv trivia,800,"Jackie Gleason show that rejected titles ""The Lovers"" & ""The Couple Next Door\""",The Honeymooners
tv trivia,1000,"In court, he'd always make mincemeat of Hamilton Burger",Perry Mason
u.s. presidents,0,"Adventurous 26th president, he was 1st to ride in an automobile & an airplane",Theodore Roosevelt
gay '90s,100,"By '97 they had air-filled rubber tires, coaster brakes & adjustable handlebars",bicycles
gay '90s,200,It sank in Havana Harbor & set off a war,the Maine
gay '90s,300,"On March 18, 1891, this mode of communication was inaugurated between London & Paris",the telephone
potent potables,100,In 1935 Kreuger's Cream Ale was the first beer sold in these,cans
potent potables,200,"Never swallowing, they sip, swish, gargle, then spit out what they sample",what wine tasters do
potent potables,300,This 19th century Philadelphia distiller's name became slang for liquor,Booze
potent potables,400,"Derived from Hindu word for ""5"", describing number of ingredients mixed in a large bowl",punch
potent potables,500,C2H5OH,the formula for alcohol
states in song,100,It's where I came from with a banjo on my knee,Alabama
states in song,200,"According to Beach Boys' hit, state with the cutest girls in the world",California
states in song,300,State where you'd find Elvis' rain & Diamond's woman,Kentucky
states in song,400,"The alternate lyrics to ""I've Been Working On The Railroad\""","\""The Eyes Of Texas\"""
states in song,500,Patti Page hit that is official song of a southern state,"\""The Tennessee Waltz\"""
old testament,100,Delilah gave him a real trimming,Samson
old testament,200,"In Hebrew its name means ""Sea of Reeds\""",the Red Sea
old testament,300,Through sons Isaac & Ishmael both Jews & Arabs descend from him,Abraham
old testament,400,"The name ""Palestine"" comes from these Biblical enemies of Israel",the Philistines
old testament,500,"Sorrowful O.T. prophet, his name now refers to predictors of doom",Jeremiah
holidays,100,Italian-American's have made this their equivalent of St. Patrick's Day,Columbus Day
holidays,200,"Though we ""love"" his ""day"", he's been taken off calendar of saints",St. Valentine
holidays,300,The eve of All Saints' Day,Halloween
holidays,400,"In colonial Massachusetts, Puritans made this Christian holiday illegal",Christmas
holidays,500,Several Southern states celebrate his June 3rd birthday instead of Lincoln's,Jefferson Davis
"starts with ""q\""",100,Klugman's coroner,Quincy
"starts with ""q\""",200,Hugo's hunchback,Quasimodo
"starts with ""q\""",300,"\""To be or not to be\""",the question
"starts with ""q\""",400,Oldest city in Canada,Quebec
"starts with ""q\""",500,Popular name of the Religious Society of Friends,the Quakers
u.s. history,200,"In '63, 200,000 Washington marchers heard him say, ""I have a dream\""","Martin Luther King, Jr."
u.s. history,400,The last occasion Congress declared war on any country,World War II
u.s. history,800,Only state carried by George McGovern in '72 election,Massachusetts
u.s. history,1000,"Justice Hugo Black, a leading supporter of school desegregation, was once member of this group",the KKK
shakespeare,200,"Shakespeare's only comedy with ""comedy"" in the title",Comedy of Errors
shakespeare,400,"In it, Puck comments: ""Lord, what fools these mortals be!\""",A Midsummer Night's Dream
shakespeare,600,What Shylock demanded instead of interest,a pound of flesh
shakespeare,800,"Completes the line ""If music be the food of love...\""",play on
shakespeare,1000,"Hamlet's closest friend, only major character left alive at play's end",Horatio
musical instruments,1000,"Plucked instrument brought to U.S. by slaves, now a fixture in bluegrass",the banjo
homonyms,200,"Dave Garroway's sign-off, or a slice of cake",peace (piece)
homonyms,400,"What Oliver Twist wanted, or Susan Anton's diminutive date",more (Moore)
homonyms,600,"Olympic swimmer, or what a tobacco chewer does into a spittoon",Spitz (spits)
homonyms,800,"Expensive onion, or what happens when there's a hole in the bucket",leek (leak)
homonyms,1000,"A peasant, or where you hang 10",serf (surf)
landmarks,800,Only 1 of the 7 wonders of the ancient world still standing,the Great Pyramid
landmarks,600,"Though unmarried & childless, he lives in the world's largest residential palace",the Pope
tv trivia,200,"Every week this comedienne was ""so glad we had this time together\""",Carol Burnett
tv trivia,400,"Richard Carlson ""led"" this number of lives as a communist counterspy & FBI agent",3
tv trivia,600,Lucy & Desi's TV production company,Desilu
tv trivia,800,"Series which pitted ""CONTROL"" against ""KAOS\""",Get Smart
tv trivia,1000,"Crooner who was 1st offered role of ""Columbo"" but turned it down because he didn't need the money",Bing Crosby
titled heads,0,N.Y. financier Al Grimaldi is next in line for throne of this Mediterranean principality,Monaco
world capitals,100,Costa Rican capital people might know the way to,San Jose
world capitals,200,"It's divided into the Kanda, Marunoucki, Asakusa & Ginza districts",Tokyo
world capitals,300,Home to NATO & little green sprouts,Brussels
world capitals,400,"This capital's street signs are in English, Arabic & Hebrew",Jerusalem
world capitals,500,"If the other twin had founded it, it might have been called ""Reme\""",Rome
foods,100,Southern specialty & America's favorite main dish,southern fried chicken
foods,200,"Deli delight, from Yiddish for Ring",a bagel
foods,300,"Pickle men, not doctors, do this for bacon & ham",cure
foods,500,"East Indians who never ask ""Where's the beef?\""",Hindus
sports,100,"Sport which uses epees, foils & sabres",fencing
sports,200,Name given to annual competition among U.S. amateur boxers,the Golden Gloves
sports,300,Number of downs allowed in Canadian football to advance the ball 10 yards,3
sports,300,"Because of WWII, these 2 NFL teams combined squads in '43 to become the ""Stegles\""",the Steelers and Eagles
sports,500,Ex-Boston Celtics' star who has refused induction into Basketball Hall of Fame,Bill Russell
inventions,100,He invented the Franklin stove,Ben Franklin
inventions,200,Detection of gamma rays was 1 of the uses for this 1947 instant picture taker,a Polaroid-Land camera
inventions,300,"2,160 people at a time could ride on this at the 1893 Chicago World's Fair",a Ferris wheel
inventions,400,Edison suggested it be used to record phone calls & make clocks talk,the phonograph
inventions,500,"The first patent pool was for this invention by Howe, Hunt & Singer",the sewing machine
mammals,100,"Romans called this African beast a ""tiger horse\""",a zebra
mammals,200,The only flying mammal,a bat
mammals,300,A black panther is really the black version of this cat,a leopard
mammals,400,"Plays dead to escape predators, but one was close friends with an alligator",an opossum
mammals,500,"Weighing 1½ tons per foot, this mammal generates up to 500 H.P. with its tail",the blue whale
"begins with ""l\""",100,"Erich Segal's ""story\""",Love Story
"begins with ""l\""",200,An air bubble tells a carpenter if he's on it,a level
"begins with ""l\""",300,The L in L.P.G.A.,Ladies\'
"begins with ""l\""",400,"A, B, M, P, or Z, for example",letters
"begins with ""l\""",500,It's what bread has & matzo hasn't,leaven
u.s. states,200,Its Mormon founders called it Deseret,Utah
u.s. states,400,"The only state beginning with ""A"" that does not end in ""A\""",Arkansas
u.s. states,600,The only state to touch 4 of the Great Lakes,Michigan
u.s. states,800,1 of 4 states that's officially a commonwealth,"(1 of) Massachusetts, Kentucky, Pennsylvania, Virginia"
5-letter words,200,"Used by a carpenter, a master sergeant, & a dentist",a drill
5-letter words,400,A lady's handbag or something done to lips before a kiss,purse
5-letter words,600,"A police wagon, a rice field, or author Chayefsky","\""paddy""s"
5-letter words,800,"To Hamlet, ""Frailty, thy name is"" this",woman
5-letter words,1000,"In Czech, it's herec; in German, schauspieler; & in Hollywood, usually unemployed",an actor
music,200,"4th note of the musical scale or ""a long, long way to run\""",fa
music,400,"Piano style sprung from the blues, it describes Bette's ""Bugle Boy\""",boogie-woogie
music,600,Tyrolean trick of moving the voice from natural to falsetto,yodeling
music,1900,What we call this singing sans accompaniment:,a capella
music,1000,"Italian for ""first lady"", the leading opera singer in a company",a prima donna
law,200,"A second prosecution for the same offense, or this round",double jeopardy
law,800,"To avoid litigation, this type of insurance or divorce avoids affixing blame",no-fault
law,1000,"While a summons asks nicely, this demands your appearance in court",a subpoena
weather,200,Condition associated with London & pea soup,fog
weather,400,"Mt. Waialeale in Hawaii gets the most, while Calama, Chile, usually gets none",rain
weather,600,Its winds can reach 400 MPH,a tornado
weather,800,Some hygrometers use a human hair to measure this,(relative) humidity
weather,1000,Region near Equator that took the wind out of Sinbad's sails,the doldrums
movie trivia,200,"Actress who spoke the immortal line, ""Love is never having to say you're sorry\""",Ali MacGraw
movie trivia,400,"Mary Poppins' magical, musical tongue-twister",supercalifragilisticexpialidocious
movie trivia,600,"Actor who captained ""the mean machine"" in ""The Longest Yard\""",Burt Reynolds
movie trivia,800,"Movie whose sequel was ""Class of '44\""",The Summer of '42
movie trivia,1000,"This gimmick introduced for the film ""Scent of Mystery"" was something to be sniffed at",Smell-O-Vision
rivers,0,"It carries more water than the longest rivers in Asia, Africa & No. America combined",the Amazon
islands,100,"Owned by tiny Denmark, it's the world's largest island",Greenland
islands,200,"New York's largest, it has more people than 41 of our 50 states",Long Island
islands,300,"Until 1949 a Dutch colony, now the world's most populous island nation",Indonesia
islands,400,"Made up of over 7,000 islands, only Far East country with a Roman Catholic majority",the Philippines
silly songs,100,"To treat it ""you're gonna need an ocean of calamine lotion\""",poison ivy
silly songs,200,"\""She was afraid to come out of the water"" because she wore this scanty outfit",an itsy bitsy teenie weenie yellow polka-dot bikini
silly songs,500,He offered this prescription:,the Witch Doctor
silly songs,400,Herman's Hermits' song about widow whose 8 husbands all had the same name,"\""Henry the Eighth\"""
silly songs,500,"According to Ray Stevens, ""He swings through the trees without a trapeze in his B.V.D.'s\""",Gitarzan
money,100,Currency where you'll find Lincoln's name on front & back,the five-dollar bill
money,200,4 little words carried on all U.S. currency,In God We Trust
money,300,Replaced Adams in the presidency & the Indian on the nickel,Thomas Jefferson
money,400,The only U.S. coin with the Presidential Seal,the fifty-cent piece (the Kennedy half-dollar)
1968,100,South-of-the-border setting of the '68 Olympics,Mexico City
1968,200,First visual effects Oscar went to Kubrick's look 33 years into the future,2001: A Space Odyssey
1968,300,"Camelot ""ended"" when Jackie married him",Aristotle Onassis
1968,400,He broke S. Africa's race barrier by transplanting black man's heart into white body,Christiaan Barnard
1968,500,"After 11 months in captivity, crew of this ship was released by N. Koreans",the Pueblo
trivia,100,Rubber is an ingredient in this type of chewing gum,bubble gum
trivia,200,Easter creature created by Gene Autry in '55 hit record,Peter Cottontail
trivia,300,"Though a northern state, N.J. didn't abolish it until 1860",slavery
trivia,400,U.S. coin 97.6% zinc,the penny
trivia,500,Ohio City named for an ancestor of the 24th president,Cleveland
british history,200,"Though historians debate it, she's called ""The Virgin Queen\""",Elizabeth I
british history,2000,"Of Henry VIII's six wives, the number that lost their heads over him",2
inventions,200,"\""The mother of invention\""",necessity
inventions,400,"Country credited with invention of pasta, porcelain, & paper",China
inventions,600,"Tissue originally used as a WWI gas filter, but now literally something to sneeze at",Kleenex
inventions,800,"1st developed for the blind, they've become the most widely used business machine",the typewriter
inventions,1000,Printing press inventor associated with the world's most valuable book,Gutenberg
women authors,200,"Judith Krantz ""princess"" who reigned in novel & mini-series",Princess Daisy
women authors,400,"Playwright Edward Albee asked ""Who's afraid of"" this respected British novelist",Virginia Woolf
women authors,600,Colleen McCullough's Australian saga,The Thorn Birds
women authors,800,"Author, columnist, & TV wit who said, ""Housework, if you do it right, can kill you\""",Erma Bombeck
women authors,1000,"Long-time companion of Dashiell Hammett, she was played in ""Julia"" by Jane Fonda",Lillian Hellman
baseball,200,A 1939 college baseball game was the first sports event shown on this medium,television
baseball,400,"The Metropolitan Museum of Art has 200,000 of them",baseball trading cards
baseball,2000,1 of 3 Major League Baseball teams with state rather than city names,"(1 of) California Angels, Texas Rangers, Minnesota Twins"
baseball,800,"Ironically, ex-con Ron LeFlore led the N.L. in these in 1980",stolen bases
baseball,1000,"To help their owner pay off gambling debts, the 1920 Red Sox sold him to the Yankees",Babe Ruth
sculpture,200,"His only signed work is the ""Pieta"" in the Vatican",Michelangelo
sculpture,400,A gold statue of Prometheus towers over the ice rink of this N.Y.C. landmark,Rockefeller Center
sculpture,600,"\""Disarming"" statue unearthed by peasant of Greek island of Melos in 1820",the Venus de Milo
sculpture,800,The Berlin museum is home to the famous bust of this Egyptian queen,Nefertiti
sculpture,1000,"Though it represents a woman, his 5-story Chicago structure has been called a baboon",(Pablo) Picasso
"\""nick"" names",200,"You can call me ""merry"" or you can call me ""hairy"" but you doesn't have to call me ""Santa\""",Saint Nicholas (or Saint Nick)
"\""nick"" names",400,When John Wayne always arrived with the cavalry,in the nick of time
"\""nick"" names",600,"Things are never ""hoop"" less for this Manhattan team",the New York Knicks
"\""nick"" names",800,He was Eddie Murphy's partner for 48 hours,Nick Nolte
"\""nick"" names",1000,"Gambler who paid the ""Brice"" for marrying a famous Fanny",Nick Arnstein
the solar system,0,Only 1 of 9 planets not named for a Greek or Roman mythological figure,the Earth
world leaders,100,"During '80s hostage crisis, dart boards bearing his face were a big seller",Ayatollah Khomeini
world leaders,200,"Britain's first female P.M., her popularity soared after Falklands war",Margaret Thatcher
world leaders,300,Ronald Reagan was also president of this union,the Screen Actors Guild
world leaders,400,D'Aubisson claimed Duarte fixed his election win in this country,El Salvador
world leaders,500,Olympic pullout was ordered by this successor to Andropov,Chernenko
august,100,"492 years ago on Aug. 3rd, he set sail across the Atlantic",Christopher Columbus
august,500,"Russia, France & Germany entered WWI in August of this year",1914
sports,100,"Game where ""dribbling"" is ""offensive\""",basketball
sports,200,From early practice of pitcher facing west comes this baseball term for lefty,southpaw
sports,300,Football's imaginary plane which neither team may cross until the ball is snapped,the line of scrimmage
sports,400,"World's fastest sport, free-fall speeds of 614 MPH have been recorded in this",skydiving
sports,500,\'50s middleweight champ some say was pound-for-pound the best boxer ever,Sugar Ray Robinson
hot movies,100,Irwin Allen's tall tale that went up in smoke,The Towering Inferno
hot movies,200,Poitier & Steiger made sparks fly in this '67 Oscar winner,In the Heat of the Night
hot movies,300,The male stars tested their disguises for this '59 film by visiting studio ladies' room,Some Like it Hot
hot movies,400,Words were heated when Truffaut filmed this Bradbury novel,Fahrenheit 451
hot movies,500,1st movie that newlyweds Newman & Woodward made together,"The Long, Hot Summer"
trivia,100,"They ""rush in where angels fear to tread\""",fools
trivia,200,"Some of the badges she can earn are: Horse Lover, Dabbler & Ms. Fix-it",a Girl Scout
trivia,1200,"Hemingway wrote the book, Rogers & Parton sang the song:","\""Islands In The Stream\"""
trivia,400,"If the item is colored yellow & you use a red dye, the resulting color is this",orange
trivia,500,Filing an IRS form 4868 gets you a 4-month extension from this date,April 15
the 20th century,200,Where Sally Ride took her famous ride,on the Space Shuttle
the 20th century,400,Time barrier shattered by runner Roger Bannister in 1954,the four-minute mile
the 20th century,1500,"In Dec., 1941, Representative Jeannette Rankin cast the only dissenting vote on this issue",the declaration of war against Japan over Pearl Harbor
the 20th century,800,"His masterpiece was painted as a protest against the bombing of the Spanish town ""Guernica\""",Pablo Picasso
the 20th century,1000,"In 1939, this scientist wrote FDR a letter explaining that an atomic bomb could be built",Albert Einstein
broadway,200,"She was ""The Miracle Worker"" for Patty Duke's Helen Keller",Anne Bancroft
broadway,400,"Lerner & Loewe's ""One Brief Shining Moment"" which ran from Dec. 3, '60 to Jan. 5, '63",Camelot
broadway,600,"His 1st stage hit was ""I Remember Mama"" but he's better remembered for shouting ""Stella!\""",Marlon Brando
broadway,800,Winner of Tony & Oscar for royal role he's been identified with since '51,Yul Brynner
broadway,1000,"Rogers & Hammerstein's ""Away We Go"" ran a record-breaking 2,248 performances under new name",Oklahoma!
travel,200,"This necessary document cost $10 in 1980, but is now $35",a passport
travel,400,Non-sexist name for a stewardess,a flight attendant
travel,600,A vaccination is no longer required since this disease is eradicated,smallpox
travel,800,"Tags for luggage headed for this airport appropriately read ""LAX\""",Los Angeles (International)
travel,1500,Ship passengers are greeted & dunked by King Neptune 1st time they cross this,the Equator
american indians,200,Device Indians smoked as sign of friendship,a peace pipe
american indians,400,They symbolize family trees of N.W. Indians,totem poles
american indians,600,"To keep Indians out, Dutch settlers built a wall across this New Amsterdam street",Wall Street
american indians,800,Runaway slaves used to hide with this tribe in Florida swamps,the Seminoles
mammals,200,"Alphabetically, it's #1",the aardvark
mammals,400,"Noel Coward song says only ""mad"" ones ""go out in the midday sun\""",dogs
"the ""pits\""",200,Where Pirates steal bases,Pittsburgh
"the ""pits\""",400,Asphalt bog that tourists log in L.A.,the La Brea Tar Pits
"the ""pits\""",600,Poe's tale of torture in a Spanish castle,The Pit and the Pendulum
"the ""pits\""",800,"Shaky lady of ""Oh Susanna"" fame",ZaSu Pitts
"the ""pits\""",1000,Both cyanide & laetrile are an extract of them,apricot pits
business & industry,0,"Automaker that introduced the alternator, power steering & electric ignition",Chrysler
education,100,Traditional color of the one-room schoolhouse,red
education,200,"First American home of higher education, it educated JFK",Harvard
education,300,Brown v. Board of Education ruling outlawed this,segregated schools
education,400,Brooke shields recently had her Triangle Club Revue debut at this Ivy League college,Princeton
education,500,A progressive preschool program was named for this Italian woman,Maria Montessori
trends,100,French crescent rolls now stuffed with everything from Spinach to chocolate,croissants
trends,200,"Inspired by Spielburg hit, these dolls come both cuddly & creepy",Gremlins
trends,300,Sought-after Canadian board game that places mind over minutia,Trivial Pursuit
trends,400,"To use one, stick your floppy in your disk drive & boot",your computer
trends,500,Swimwear that lets you tan all over without taking it all off,the unsuit
u.s. history,100,"Planned under Eisenhower, invasion of this Caribbean island failed under Kennedy",Cuba
u.s. history,1200,"Episode in history this song is associated with:  ""Once I built a railroad, I made it run Made it race against time...\""",the Great Depression
u.s. history,300,"From 1836-45, this state was an independent country",Texas
u.s. history,400,"In '34, LA gov. known as ""Kingfish"" proposed guaranteed income of $5,000 per family",Huey Long
u.s. history,500,Many consider his appointment as Chief Justice in 1801 most important appointment in U.S. history,John Marshall
the comics,200,This bow-tied redhead's been going to Riverdale High for over 40 years,Archie Andrews
the comics,300,"Walt Kelly character who 1st said, ""We ave met the enemy & he is us\""",Pogo
the comics,400,"Bratty bros. whose German name means both ""hangover"" & ""the yowling of cats\""",the Katzenjammer Kids
the comics,500,Peanuts' Schroeder celebrates it every December 16,Beethoven's birthday
the home,300,Tuber that soaks up excess salt when added to your stew,the potato
world series,100,"It took them 65 yrs. to win for Brooklyn,, only 2 to win for L.A.",the Dodgers
world series,200,"5 home runs in '77 Series, 3 in 1 game, earned him nickname ""Mr. October\""",Reggie Jackson
world series,300,"Played in the most World Series (14), all for the Yankees, & is now their manager",Yogi Berra
world series,400,"Team that threw Series in 1919 ""Black Sox"" scandal",the Chicago white Sox
world series,500,"Though they'd never before finished higher than 9th, amazingly they won the '69 Series",the New york Mets
types of government,200,"State ruled by a king, queen or emperor",a monarchy
types of government,400,"From the Greek, it means ""the people rule\""",a democracy
types of government,600,"According to Marx, under this system, government is supposed to wither away",communism
types of government,800,The one who's in charge under anarchy,no one
types of government,1000,"In a theocracy, those thought to be his representatives rule",God
geography,200,"World's longest mountain chain, stretching 4,500 miles across South America",the Andes
geography,400,1 of 3 countries with territory on 2 continents,"(1 of) Turkey, Russia or Egypt"
geography,600,Direction you generally travel in sailing up the Nile,South
geography,800,"\""Mexican"" region that' also contains parts of  Guatemala and nearly all of Belize",the Yucatan
geography,1600,"\""From the halls of Montezuma to the shores of Tripoli"" refer to these 2 countries",Mexico & Libya
tv trademarks,200,Keeps a cool head thanks to his Mohawk hairdo,Mr. T
tv trademarks,400,"Before he was grounded, Tattoo announced its arrival  every week",de plane
tv trademarks,600,Jim Rockford's beach home,mobile home or trailer
tv trademarks,800,his easy chair traveled from Queens to the Smithsonian,Archie Bunker
tv trademarks,1000,The loser of the week was the winner of Dick & Dan's digital appendage,the Fickle Finger of Fate Award
literature,200,"She found things ""curiouser & curiouser"" in Wonderland",Alice
literature,1000,"He gave us his cockeyed world in ""My world & Welcome to It\""",Thurber
potent potables,200,"It makes a Black Russian ""white\""",cream
potent potables,400,A sprinkle of salt & slice of lime traditionally accompany it,tequilla
potent potables,600,Cartoon critters who share their name with holiday rum & eggnog mix,Tom & Jerry
potent potables,800,The liquid you use less of to make your martini dry,vermouth
potent potables,1000,A wine's fragrance,bouquet
chemistry,800,"World's cheapest metal, it's an essential element in the blood",iron
chemistry,1000,"After oxygen, this element associated with computer chips is the most common in the earth's crust",silicon
mathematics,0,The number of zeros in 1 trillion,12
presidents,100,"He held office ""4 score & 7 years"" after founding of our country",Abraham Lincoln
presidents,200,"1st president to win Nobel Peace Prize, though he ""carried a big stick\""",Theodore Roosevelt
presidents,300,7 of our 1st 12 were from this state,Virginia
presidents,500,"The only 2 presidents born in Texas, they held office only 3 years apart",Lyndon Johnson & Dwight Eisenhower
presidents,500,Portly president who set precedent by throwing out season's 1st ball,William Howard Taft
television,100,Theodore Cleaver's nickname,Beaver
television,200,Falk's famous fumbler,Columbo
television,300,"Series in which Ted Danson doesn't touch liquor, but fondles Shelley Long",Cheers
television,400,"ABC's ""Iran Reports"" led to creation of ""Nightline"" with him as host",Ted Koppel
television,500,"Paul Anka's been collecting royalties for this for over 5,700 nights",the Tonight Show theme
"starts with ""h\""",100,Hawaiian hip heaving,Hula
"starts with ""h\""",200,Half the earth,hemisphere
"starts with ""h\""",300,"A football ""conference"", or to gather together for warmth",huddle
"starts with ""h\""",400,Bruce Banner's bulky bad side,the Hulk
"starts with ""h\""",500,The measure of a horse,hand
potent potables,100,"A dessert wine, or the left side of a ship",port
potent potables,200,When water gets gassed,carbonation
potent potables,300,Ancient Greek law made it illegal not to do this during festival of Dionysus,to get drunk
potent potables,400,Its name comes from legend that first one was stirred with a rooster feather,cocktail
potent potables,500,25.6 ounces,a fifth
bodies of water,100,"Originally at Lewiston, NY, this falls has over the years moved 7 times upstream",Niagara Falls
bodies of water,200,"While Thatcher looks over Parliament, Parliament looks over this",the Thames
bodies of water,300,The dam you need to make Lake Mead,Boulder/Hoover Dam
bodies of water,400,Only one of the 5 Great Lakes entirely in U.S.,Lake Michigan
bodies of water,500,You can bet on the banks of this California-Nevada lake,Lake Tahoe
people,400,Baby Andrew Castiraghi's royal mom & Princess Stephanie's sister,Princess Caroline
people,500,Type of fiction penned by presidential offspring M. Truman & E. Roosevelt,mystery books
american indians,800,"He, not Sitting Bull, led the Indians at Custer's Last Stand",Chief Crazy Horse
american indians,1000,"Numbering some 140,000, this Southwest tribe is America's largest",Navajo
chemistry,1000,"\""Plumbum"" in Latin, Ancient Rome's plumbing was made of this heavy metal",lead
proverbs,400,"According to Harry Truman, what you should do ""if you can't stand the heat\""",get out of the kitchen
proverbs,600,"It's better ""than not to have loved at all\""",to have loved and lost
proverbs,800,"Lord Acton said it ""tends to corrupt\""",(absolute) power
proverbs,1000,"Santayana said, ""Those who cannot remember the past are condemned to"" do this",repeat history
world war i,200,"\""Lafayette, we are here"", referred to Americans landing in this country",France
world war i,400,This exotic-dancer-turned-spy was executed by the French in 1917,Mata Hari
world war i,1000,The German U-boats were this type of craft,submarine
world war i,800,"Early leadership of an all-black regiment earned him nickname ""Black Jack\""",John J. Pershing
world war i,1000,French reinforcements came to Battle of the Marne using this form of transport,taxis (taxicabs of Paris)
sports,200,American golfers claim they hit 111 of them each day,holes-in-one
sports,400,Earl Anthony & Don Carter are kingpins in this sport,bowling
sports,600,"Didn't float like a butterfly or sting like a bee, but he knocked out his teeth & Muhammad Ali",Leon Spinks
sports,800,"Originally ""mintonette"", it was first played with a basketball & a rope stretched across court",volleyball
sports,1000,"Didn't drink, smoke, or ""lift anything heavy"" and played hockey until 50",Gordie Howe
trivia,800,"Nursery rhyme that can be played on touch-tone phone by dialing 3212, 333, 222, 333","\""Mary Had a Little Lamb\"""
trivia,3000,"When spelling numbers, lowest one to contain the letter ""B\""",billion
world cities,0,It's the most populous city in the Western Hemisphere,Mexico City
bridges,100,You can't sell Lake Havasu the Brooklyn Bridge; it already bought this one,London Bridge
bridges,200,Marin County's chief commuter route to S.F.,Golden Gate Bridge
bridges,300,"Colloquial name of the Queensborough Bridge & real name of the song ""Feeling Groovy\""",59th Street Bridge
singers & dancers,100,"He spiced up his dance steps with ""Ginger\""",Fred Astaire
singers & dancers,200,"\""The King of Rock 'N' Roll\""",Elvis Presley
singers & dancers,300,"To their cheering fans, ""V"" is for ""Victory Tour\""",The Jacksons
singers & dancers,400,"She took over for Anne Bancroft, who was originally cast to play Fanny Brice",Barbra Streisand
singers & dancers,500,"He danced with Dorothy in Oz but was ""Once in Love with Amy\""",Ray Bolger
"\""fridays\""",100,Daniel Defoe's 2 men alone on an island,Robinson Crusoe & Friday
"\""fridays\""",200,The anniversary of the crucifixion,Good Friday
"\""fridays\""",300,"He always asked for ""Just the facts, Ma'am\""",Sgt. Joe Friday
"\""fridays\""",400,Mad killer Jason finally gets his in this film's final chapter,Friday the 13th
"\""fridays\""",500,\'78 disco film which featured Donna Summer,Thank God It's Friday
1959,100,"With this musical premiere, ""The Hills Came Alive\""",The Sound of Music
1959,200,Who Eddie left to marry Liz,Debbie Reynolds
1959,300,"Shoe-pounding leader scandalized by high kicks in ""Can-Can\""",(Nikita) Khrushchev
1959,400,Uris #1 best-seller about Jewish refugees in emerging Israel,Exodus
1959,500,Became 1st major American city with a black majority,"Washington, DC"
holidays,100,"\""The Wearing of the Green"" on March 17th",St. Patrick's Day
holidays,200,"In Canada, it's the 2nd Monday in October; in U.S., the 4th Thursday in November",Thanksgiving Day
holidays,300,"In '82, Americans bought over 1 billion of these cards with heart",St. Valentine's Day
holidays,400,"This English holiday has masked children begging ""A penny for the guy\""",Guy Fawkes Day
holidays,500,Celebration of the Jewish victory over the Syrians in 165 B.C.,Hanukkah
cartoons,100,"Bullwinkle's ""arch"" enemy with a name derived from Russian czar, Boris Godunov",Boris Badenov
cartoons,200,"With 99 men & only 1 girl, no wonder they're blue every Saturday morning",the Smurfs
cartoons,2000,This sound is his trademark:,Woody Woodpecker
vice-presidents,200,1st woman nominated as V.P. by a major political party,Geraldine Ferraro
vice-presidents,400,"Though V.P. & president, he was never elected to either post",Gerald Ford
vice-presidents,600,He was the 1st vice-president,John Adams
vice-presidents,3500,Last to serve 2 complete terms,Richard Nixon
vice-presidents,1000,V.P. who also served as ambassador to U.N. & director of the C.I.A.,George Bush
astrology,800,"Sign that shares name with Hitchcock film & torrid ""tropic\""",Capricorn
astrology,1000,Only soldier given full-time duty as astrologer during WWII,Sydney Omarr
conquerors,200,"Now thought to be a dwarf, this ""Scourge of God"" was the most feared Hun of all",Attila
conquerors,400,Pagan Scandinavians who attacked western Europe & reached America before Columbus,the Vikings
conquerors,600,"Macedonian who lamented there was nothing left to conquer, he died in Babylon at 33",Alexander the Great
conquerors,800,"Conquistador of Valencia, his Moorish foes called him ""El Sayyid"" meaning ""The Lord\""",El Cid (Rodrigo Diaz)
conquerors,1000,"Founder of Holy Roman Empire in 800 A.D., read Latin but never learned to write it",Charlemagne (Charles the Great)
movie talk,200,"Nonspeaking actor in background role, or paperboy's cry",extra
movie talk,400,Director's order to actors to begin playing a scene,"\""Action!\"""
movie talk,600,"French Riviera's film festival ""capital\""",Cannes
movie talk,800,"As newest movie rating, it cautions ""Special guidance for attendance of children under 13\""",PG-13
movie talk,1000,"Previews of coming attractions, they used to follow the main feature",trailers
palindromes,200,High time of day for Gary Cooper,noon
palindromes,400,"Gary Burghoff's role in ""M*A*S*H\""",Radar
palindromes,600,A scout performs a good one every day,deed
palindromes,800,Palindromic nickname for parents,mom and pop/dad
palindromes,1000,3-word greeting in the Garden of Eden,"\""Madam, I'm Adam\"""
travel & tourism,0,This country draws the most American tourists each year,Canada
spain,400,"Mustachioed painter who could be knighted ""Sur Real\""",Salvador Dalí
spain,500,"Don Quixote's creator, he was the real ""Man from La Mancha\""",Don Miguel de Cervantes
trios,100,"Education's ""3 R's\""","reading, 'riting & 'rithmetic"
trios,200,"Red, blue & yellow pigments",the primary colors
trios,300,The rub-a-dub guys,"three men in a tub (butcher,the baker & the candlestick maker)"
trios,400,"For a troika, you'd put this behind 3 horses",a sleigh
trios,500,3 rulers ruling,a triumvirate
1953,100,Manager Casey Stengel considered retiring until they won 5th-straight World Series,the Yankees
1953,200,"Hillary & Tenzing were the 1st to go there, but only stayed 15 minutes",the summit of Mt. Everest
1953,300,"Sang ""Diamonds are a Girl's Best Friend"", then married a baseball star",Marilyn Monroe
1953,400,"Chief Justice appointed by Eisenhower, he served until the Nixon era",Earl Warren
1953,500,"Now nation's best-selling magazine, 1st cover featured Lucy & her baby",TV Guide
fast food,400,"T. Jefferson popularized this French side-dish, now America's favorite vegetable",French fried potatoes
fast food,500,Gable taught Colbert how to do it; now even Emily Post says it's correct,dunking doughnuts
"\""toasts\""",100,Sauteed egg-dipped bread,French toast
"\""toasts\""",200,Campfire confection,toasted marshmallows
"\""toasts\""",300,"Original name of ""The Ed Sullivan Show\""",Toast of the Town
"\""toasts\""",400,"\""Rank"" of George Jessel",Toastmaster General
"\""toasts\""",500,"Named for an Australian soprano, it's thin, crisp bread",Melba toast
oscar songs,100,"Only Oscar winner sung by a cricket, it's Disney's theme","\""When You Wish Upon a Star\"""
oscar songs,200,"She sang '80's ""Fame"" & '83's ""What a Feeling\""",Irene Cara
oscar songs,300,\'38 winner that became Bob Hope's theme song,"\""Thanks for the Memory\"""
oscar songs,500,1960 song named for day Melina Mercouri rested:,"\""Never On Sunday\"""
oscar songs,500,"This 1st winner, from ""Gay Divorcee"", is also a Lincoln luxury car","\""The Continental\"""
economics,200,Colloquial term for current president's economic policies,Reaganomics
famous quotes,200,"Dickens' character known for saying ""God bless us every one!\""",Tiny Tim
famous quotes,400,"You bet your life he believed ""A man is as young as the woman he feels\""",Groucho Marx
famous quotes,600,"Dumas quote translated from ""Tous pour un, un pour tous\""","\""All for one, one for all\"""
famous quotes,800,Someone somewhere in the country says it before David Hartman & Joan Lunden do,"\""Good Morning, America\"""
famous quotes,1000,"\'36 Olympian who said ""I came along when the black American needed an image\""",Jesse Owens
drama,200,"Because 1st was named Thespis, they're known as thespians",actors
drama,400,"Wrote for Sgt. Bilko before fathering ""The Odd Couple\""",Neil Simon
drama,600,Matinee idol whose familiarity with Ford's Theatre let him pass through security there,John Wilkes Booth
drama,800,"He planted ""The Cherry Orchard"" & hatched ""The Sea Gull\""",Chekov
drama,1000,"Sophocles' ""complex tragedy\""",Oedipus Rex
birds,200,"Cuckoo family-member Geococcyx Californianus ; goes ""Beep beep"" in cartoons",a roadrunner
birds,400,Bird named after bright red robes of a Roman Catholic clergyman,a cardinal
birds,600,"While ostriches lay the largest eggs, these birds lay the smallest",a hummingbird
birds,800,"Member of  India's starling family, famous for ability to mimic voices",a myna
birds,5000,"With both eyes facing forward, it has greatest range of binocular vision in birds",the owl
white house,200,It wasn't until 1818 that it was painted this color,white
white house,400,East lawn Easter tradition,rolling Easter eggs
white house,600,FDR added one indoors as a therapeutic aid,a swimming pool
white house,800,"Instead of bowing, Jefferson the libertarian encouraged this form of address",shaking of hands
white house,1000,His inaugural bash became a brawl when his backwoods pals vandalized the White House,Andrew Jackson
sports trivia,200,It begins a boxer's round or starts Pavlov's dog salivating,a bell
sports trivia,400,"In swimming, a race without a compulsory stroke",freestyle
sports trivia,600,"Throughout his NBA career, this star known as ""The Stilt"" never fouled out",Wilt Chamberlain
sports trivia,800,Won gold medal for rowing in '24 Olympics but better known as baby doctor,Benjamin Spock
sports trivia,1000,Mary Queen of Scots is said to have been 1st woman to play this sport,golf
u.s. presidents,0,"In the 1860 election for his 1st term, more Americans voted against him than for him",Abraham Lincoln
u.s. geography,100,Much of this largest Louisiana city is below sea level,New Orleans
u.s. geography,200,The leading dairy products state,Wisconsin
u.s. geography,500,This state's coastline is 2nd in length to Alaska's,Florida
baseball,100,"To celebrate winning the '83 World Series, the Baltimore Orioles popped 240 bottles of it",champagne
baseball,200,Johnny Vandeer Meer is the only man to have ever pitched 2 of them consecutively,no-hitters
baseball,300,Brand of bats made in Kentucky; also describes Muhammad Ali,Louisville Slugger
baseball,400,"In '51 playoff he hit ""the Shot Heard 'Round the World\""",Bobby Thomson
baseball,500,"For years this Southerner was ""the voice of the Yankees\""",Mel Allen
legends,100,"Gift giver named from the Dutch ""Sinter Klaas\""",Santa Claus
legends,200,John Chapman was the real name of this wandering fruit tree planter,Johnny Appleseed
legends,300,The man whom Miles Standish asked to have a chat with Priscilla,John Alden
legends,400,"On July 4, 1776, he wrote his signature large so King George could read it without glasses",John Hancock
legends,500,"English explorer who made smoking fashionable, he smoked before his own execution in 1618",Sir Walter Raleigh
generals,400,"\""Old Blood & Guts"", he was tank commander in both World Wars",Patton
generals,500,"This Civil War general wrote ""Ben-Hur\""",Lew Wallace
trivia,100,Nickname of Harry Lillis Crosby,Bing
trivia,200,Term 1st coined to describe combination of smoke & fog,smog
trivia,300,"It was claimed of this product ""a little dab'll do ya\""",Brylcreem
trivia,400,"Originally term to describe shed built onto a building, it now means expensive unit on the roof",a penthouse
trivia,500,Where Longfellow's arrow fell to earth,I know not where
"\""can"" it",100,A dance dance from France France,the can-can
"\""can"" it",200,Edgar's daughter who isn't a dummy,Candice Bergen
"\""can"" it",300,They'll eat your heart out,cannibals
"\""can"" it",400,Terry Southern's little gumdrop,Candy
"\""can"" it",500,Poem part,canto
english literature,200,"If Orwell's tale were true, year Big Brother would be watching you",1984
english literature,400,"\""Treasure Island""'s peg-legged pirate",Long John Silver
english literature,600,"Of Bacon & Lamb, the one who wrote ""A Dissertation upon Roast Pig\""",(Charles) Lamb
english literature,800,"Shakespeare's first comedy, though it's said to be originally titled ""The Historie of Error\""",The Comedy of Errors
english literature,1000,"Its sequels were ""Men against the Sea"" & ""Pitcairn's Island\""",Mutiny on the Bounty
insects,1000,Balls of naphthalene are protection against them,moths
political quotes,600,"In the '80 campaign, he coined the term ""voodoo economics\""",George Bush
political quotes,800,"Acid-tongued V.P. who said, ""Some newspapers dispose of their garbage by printing it\""",Spiro Agnew
political quotes,1000,"2-time pres. candidate who said, ""Eggheads unite, you have nothing to lose but your yolks\""",Adlai Stevenson
hitchcock,200,Film where nutty Norman Bates was a real cut-up,Psycho
hitchcock,400,"Called ideal Hitchcock hero, he starred in ""Notorious"", ""Suspicion"" &""North by Northwest\""",Cary Grant
hitchcock,600,"Before playing ""Perry"", he was killer James Stewart saw through the  ""Rear Window\""",Raymond Burr
hitchcock,800,"His first American movie with Fontaine & Olivier, in which title character never appears",Rebecca
hitchcock,1000,"This movie wasn't his best, but ""Que Sera, Sera\""",The Man who Knew Too Much
namesakes,200,Stuffed toy named for Pres.Roosevelt,a teddy bear
namesakes,400,Thinned down perfume first made in this W. German city,Cologne
namesakes,600,"From the Civil War general who believed they raised troops' morale, it's slang for prostitute",hooker
namesakes,5000,Wild West gambling game named for kings on old playing cards,Faro
namesakes,1000,"An unrealistic optimist, from heroine of Eleanor Porter novel",a Pollyanna
medicine,800,"British sailors were named ""Limey"" for the fruit they ate to ward off this disease",scurvy
medicine,1000,"From Latin ""to please"", medicine given just to humor a patient",a placebo
the calendar,0,Number of leap years between 1985 & 2001,4
state capitals,100,"Located 15 miles from its namesake, it was founded by Brigham Young",Salt Lake City
state capitals,200,"Freddie Cannon's ""Tallahassee Lassie"" would be from this state",Florida
state capitals,300,Southwest capital named for mythological self-immolating bird,Phoenix
state capitals,400,It was also capital of the Confederacy,"Montgomery (or Richmond, Virginia)"
state capitals,500,Only state capital named for a biblical figure,"St. Paul, Minnesota"
television,100,ABC telecast 180 hours of this summer '84 event,the Olympics
television,200,Game show that would fall between the dating & anniversary games,The Newlywed Game
television,300,Dan Tana's turf,Vegas
television,400,The girls on this series graduated from Eastland School to Langley College,The Facts of Life
television,500,Bilko's private Harry Speakup or Daktari's Judy,a chimp
"\""shells\""",100,Tongue twister about lady who peddles pukas on the beach,"\""She Sells Sea Shells by the Seashore\"""
"\""shells\""",200,"Where Peter, Peter kept his wife",in a pumpkin shell
"\""shells\""",400,Condition akin to combat fatigue,shell-shocked
"\""shells\""",500,Drinking it would give you a terrible end but a lovely finish,shellac
former occupation,100,Former N.Y. lawyer who stated his case on Monday Night Football for 13 years,Howard Cosell
former occupation,200,"Our last president without a bachelor's degree, once a Kansas City haberdasher",Harry Truman
former occupation,300,Altar boy & seminarian who became infamous Soviet dictator,Stalin
former occupation,400,"Former Washington Senators' pitching prospect, now long-time Caribbean dictator",Fidel Castro
former occupation,500,"While observing ""God & Man at Yale"", this conservative spokesman taught Spanish there",(William F.) Buckley (Jr.)
twins,400,Astrological name for starry twins Castor & Pollux,Gemini
twins,500,Twin brothers who brought precious metal to America's Olympic ski team,(Phil & Steve) Mahre
classical music,200,Designers of this instrument were Cristofori & Steinway,piano
classical music,400,"\""Timely"" name of Chopin's D-flat major waltz of Opus 64","the ""Minute Waltz\"""
classical music,600,"A string quartet is usually made up of 2 violins, a viola & this",cello
classical music,800,"When he first heard this wind instrument, Handel said, ""Thank heavens it hath no smell\""",bassoon
classical music,1000,"On radio he was the ""maestro"" of the NBC Symphony Orchestra",Arturo Toscanini
politics,1000,"3rd party, its presidential candidates included Eugene Debs & Norman Thomas",Socialist
famous quotes,200,"Aesop advised not to ""count your chickens"" then",not to count your chickens before they're hatched
famous quotes,2000,"Whittier wrote, ""For all sad words of tongue or pen, the saddest are these\""",it might have been
sports shifts,200,Oakland is still fighting to get this team back,the L.A. Raiders
sports shifts,400,"When Aaron signed they were in Boston, but he played in Milwaukee & Atlanta",the Braves
sports shifts,600,"Minnesota's, not L.A.'s terrain gave this basketball team its aquatic name",the Lakers
sports shifts,800,"To maintain their baseball rivalry, both left New York in 1957",the Dodgers & the Giants
sports shifts,1000,"Under cover of darkness, they left Baltimore for Indianapolis",the Colts
language,200,Predominant language in Canada's Quebec province,French
language,400,"The New Testament was originally written in Koine, a common dialect of this language",Greek
language,1500,Language in which this #1 song of 1958 was sung,Italian
language,800,"Due to regional disputes, India has retained this as an official language",English
language,1000,The only Romance language from an East Bloc country,Romanian
world geography,0,It has more people than all the other South American countries combined,Brazil
the '40s,100,"In '45, a U.S. bomber crashed into this N.Y. landmark's 79th floor",the Empire State Building
the '40s,200,Rudy Vallee recorded it in '31 & Sam played it again in Casablanca,"\""As Time Goes By\"""
the '40s,300,Body builder Charles Atlas offered to build up the physique of this Indian leader,Mahatma Gandhi
the '40s,400,"German for ""lightning war\""",blitzkrieg
boats,100,Venice's taxis,gondolas
boats,200,A small boat used to move big boats,tug
boats,300,"A flat-bottomed boat propelled by a pole, or a 4th down football play",punt
ballet,100,"Part of body used to dance on ""pointe\""",toe
ballet,200,Tchaikovsky's fowl aquatic ballet,"\""Swan Lake\"""
ballet,300,"New York City Ballet's ""Mr. B.\""",George Balanchine
ballet,400,The arrangement of dance movements,choreography
ballet,500,Formerly England's Sadler's Wells Ballet,the Royal Ballet
"\""march"" on",100,Definitely not Caesar's time of month,the ides of March
"\""march"" on",200,"Founded by F.D.R. in 1938, it works to prevent birth defects",the March of Dimes
"\""march"" on",300,"Way of saying ""loony as a spring rabbit\""",mad as a March hare
japan,100,Raw fish dish,sushi
japan,300,"Known originally for motorcycles, this Japanese company now operates an auto plant in Ohio",Honda
japan,400,The ancient art of paper folding,origami
japan,500,"Western name for towering tsunamis, clocked at up to 500 MPH",tidal waves
tv trivia,100,"Jim Henson coined this word from a combination of ""marionette"" & ""puppet\""",muppet
tv trivia,200,David Janssen's private eye with the last name Orwell,Harry O
tv trivia,300,Yancy's fancy pistol,derringer
tv trivia,400,Cook Graham Kerr was known as this,The Galloping Gourmet
tv trivia,500,"From the Swahili word for ""doctor"", the show featured a cross-eyed lion",Daktari
colonial america,200,"N.Y.C.'s ""Capital of Black America"", named by Dutch for a city in Holland",Harlem
colonial america,400,"Founded by Wm. Penn, it became 2nd largest city in British Empire",Philadelphia
colonial america,600,"Gov. Peter Stuyvesant's Manhattan farm, now the city's skid row",the Bowery
colonial america,800,"\""Pennsylvania Dutch"" settlers came from there",Germany
colonial america,1000,Slavery was at first banned in this southern colony founded by Oglethorpe,Georgia
democrats,400,"Ex-astronaut who's had ""The Right Stuff"" to win 2 Senate terms",John Glenn
democrats,600,"Behatted 3-term N.Y. congresswoman, still active in feminist movement",Bella Abzug
democrats,800,"For the past 8 years, John D. Rockefeller IV has been gov. of this state",West Virginia
democrats,1000,Senator who tried for '84 pres. nomination was once sued by Adolf Hitler,Alan Cranston
anatomy,600,The sclera; Bunker Hill patriots were ordered not to fire before seeing it,the whites of their eyes
anatomy,800,Peristalsis lets you do this while standing on your head,swallowing
musical numbers,200,These working numbers don't measure up to Dolly Parton,"\""9 to 5\"""
musical numbers,400,Janis Ian learned the truth at this tender age,"\""At Seventeen\"""
musical numbers,600,"Hall & Oates played music, not basketball, thus way","\""One on One\"""
musical numbers,800,"Total of ""The Freshmen"" & ""The Preps\""",8
religion,400,Eastern rite of Christianity or oldest branch of Judaism,Orthodox
religion,600,Denomination Reverend Jesse Jackson is minister of,Baptist
religion,1000,Mormons believe they're Amer. Indians; others say they're Japanese or Anglo-Saxons,the 10 lost tribes of Israel
religion,1000,Belief in a deity is not part of its 8-fold path to nirvana,Buddhism
the armed services,0,The last military branch to be established,United States Air Force
africa,100,Central Africa's short people,the Pygmies
africa,200,S. Africa's form of segregation,apartheid
africa,300,Tanganyika & Zanzibar joined to form this country,Tanzania
africa,400,"Africa's largest fresh-water lake, it's main source of the Nile",Lake Victoria
africa,500,Kenyatta was leader of this bloody movement to end British rule in Kenya,the Mau Maus
food,100,"When you step on these, they let out a little ""wine\""",grapes
food,200,"Satanic term for food prepared with strong seasoning, as of eggs or ham",devilled
food,300,French term for meat served in its own juice,au jus
food,400,"Found in rye bread, these seeds are also flavoring of kummel liqueur",caraway seeds
food,500,The thymus & pancreas of young calves are sources of this meat,sweetbreads
first aid,100,Any remedy which counteracts a swallowed poison,an antidote
first aid,200,"To prevent swelling & discoloring from a blow to the body, apply this kind of compress immediately",a cold compress
first aid,300,Kind of shot given to prevent lockjaw after a puncture wound,a tetanus shot
first aid,400,"This ""hug"" is recommended as effective method to remove object blocking windpipe",the Heimlich maneuver
first aid,500,Full name for CPR,cardiopulmonary resuscitation
number please,100,An unlucky Friday or a baker's dozen,13
number please,200,Number of stars on American flag raised at Iwo Jima,48
number please,300,Square inches in a square foot,144
number please,1000,"Total of trombones & cornets in ""The Music Man"" tune",186
number please,500,Age range of an octogenarian,the 80s (or 80-89)
ben franklin,100,His spectacle invention that's a sight for sore eyes,bifocals
ben franklin,200,"\""Fish & guests stink in 3 days"" are among this almanac's wise words",Poor Richard('s Almanack)
ben franklin,300,He was president of the 1st society to press for its abolition,slavery
ben franklin,400,The postal service actually showed a profit when he held this position,Postmaster General
trivia,100,At last count there were only 70 of these head servants left in England,butlers
trivia,200,Nobody wants to hear all of this camp song about decreasing containers of brew,"\""99 Bottles Of Beer On The Wall\"""
trivia,300,"A stew of various meats, a jar of mixed flower petals, or an old ""Jeopardy"" category",potpourri
trivia,400,"This president is said to be related to John Kennedy, Princess Di & F. Mitterand",Ronald Reagan
trivia,500,"The place you most readily find ""QWERTYUIOP""; you can spell it using only these letters",a typewriter
grammar,200,"While either takes or, neither always takes this",nor
grammar,400,"The interjection in ""Whew! This is a tough answer\""",whew
grammar,600,Punctuation mark of the imperative mode,an exclamation mark
grammar,1000,"The word, phrase or clause a pronoun must agree with",the antecedent
world of fashion,200,The hat in the Mexican hat dance,a sombrero
world of fashion,400,"South Seas garb worn by Dorothy Lamour on ""The Road\""",a sarong
world of fashion,600,Where on his body an Arab would wear the traditional keffiyeh,his head
art,200,"A painting of inanimate objects, not people",a still life
u.s. geography,200,"It's ""where the wind comes sweeping down the plain\""",Oklahoma
u.s. geography,400,"State whose counties include Crockett, Zapata & Pecos",Texas
u.s. geography,700,"One of two states ending in ""T\""",(1 of) Connecticut and Vermont
u.s. geography,800,"Historic pass at junction of TN., KY., & VA., associated with Daniel Boone",the Cumberland Gap
u.s. geography,1000,Mountain range that surrounds city of Atlanta,the Blue Ridge Mountains
tv detectives,200,He was Dectective Lieutenant Dan August before he was Sharky,Burt Reynolds
tv detectives,400,He played father-in-law to Betty Jones & now is uncle to Matt Houston,Buddy Ebsen
tv detectives,500,Name of station police work out of in series with this theme,(the) Hill Street (station)
tv detectives,800,"Ex-""radio receptionist"" now ""partner in crime"" with Lynda Carter",Loni Anderson
tv detectives,1000,"Det. whose show was spun off from ""Barney Miller"", but thrown back due to small ratings",Fish
biology,400,"Wurlitzer's pride, or what tissues grouped together form",an organ
biology,600,Serology is the study of this body fluid closely resembling sea water,blood
biology,800,"In 1600's, amateur Dutch scientist van Leeuwenhoek discovered bacteria by using this",a microscope
biology,1000,Exobiology is the study of living things here,space
business & industry,0,Country that manufactures the most cars per year,Japan
british isles,100,"If you ""take the high road"", I'll get there afore ye",Scotland
british isles,200,Color represented with white & red on the Irish flag,green
british isles,300,X-rated actress Koo Stark's royal ex-beau,Prince Andrew
1945,100,Truman's state or battleship site of Japan's surrender,Missouri
1945,200,"Developed from radar research, it was first marketed for fast food preparation in '45",microwave creation
1945,300,Number of stars in U.S. flag raised over Iwo Jima,48
1945,400,"Rejected as movie script, Broadway loved this fragile Tennessee Williams drama",The Glass Menagerie
1945,500,"He ""lost"" a ""weekend"" but won an Oscar",Ray Milland
television,100,"They got married in the final episode of ""Happy Days\""",Joanie and Chachi
television,200,Editor Billie Newman & Joe Rossi worked for,Lou Grant
television,300,She shot J.R.,Mary Crosby
television,400,"Played WJM's man-hunting ""happy homemaker"" Sue Ann Nivens",Betty White
television,500,Marketing has begun on a line of nursewear from this TV medical show,"Trapper John, M.D."
fashion,100,"Espadrilles, clogs & ""tennies\""",shoes
fashion,200,"Until 19th c., ones made of chicken skin were worn by women to soften their hands",gloves
fashion,300,"\""Foreign"" name for the end of a sleeve folded back & fastened with a link",a French cuff
fashion,400,Pattern design which came from the horse blankets of Richard Tattersall,(the Tattersall) check (or plaid)
fashion,500,Breeches cut full above the knee used for horseback riding,jodhpurs
trivia,100,Words used instead of the cursing in Watergate tape transcripts,expletive deleted
trivia,200,Specialty store in which you'd buy lug nuts & feeler gauges,an auto supply store
trivia,300,Speed of an LP,33 1/3 inches per second
trivia,400,Number of vowels on the bottom row of keys of a standard typewriter,0
trivia,500,Howard Garis' bedtime tale-teller whose last name is Longears,Uncle Wiggily
hot spots,200,"Hottest temperature ever recorded was on this ""dark"" continent",Africa
hot spots,400,43 consecutive days of 120º heat were recorded in this appropriately named Calif. valley,Death Valley
hot spots,600,"National seashore resort that's been ""burning"" off Long Island for years",Fire Island
hot spots,800,"Named by Magellan for fires blazing on shore, it's South America's stormy southern tip",Tierra del Fuego
hot spots,1000,"Its foundation for polio victims was founded by FDR, who died here","Warm Springs, Georgia"
space,200,Titan is the largest moon of this ringed planet,Saturn
space,400,It forms a large part of Jupiter's atmosphere or Earth's kitchen cleaners,ammonia
space,600,The Van Allen belts surround most of this planet,Earth
space,800,Soviet ship which docked with our Apollo in '75,Soyuz
space,1500,Comet in 1973 which didn't put on its promised show,Kohoutek
3-letter words,200,"It's where flowers ""sleep\""",a bed
3-letter words,400,A flipper or a fiver,a fin
3-letter words,600,A grown-up acorn,an oak
3-letter words,800,To question,ask
3-letter words,1000,Bathroom the British skip to,the loo
trade centers,600,"City that's often called ""the rubber capital of the world\""","Akron, Ohio"
drama,200,"In the Middle Ages, monks presented ""mystery plays"" to illustrate stories from this",the Bible
drama,400,"Dramatic form, from Greek for ""merrymaking\""",comedy
drama,600,19th century Norwegian playwright often called founder of modern drama,Henrik Ibsen
drama,800,"In 1642, they closed English theaters for 18 years",the Puritans
drama,1000,"As he wished, the last play of Eugene O'Neill was produced after his death",Long Day's Journey Into Night
legends,200,"\""Inhaling the breath of a  loved one"" is the reason for this Eskimo ""kiss\""",rubbing noses
legends,400,"People whose gods included Odin, Thor & Loki",the Vikings (or the Norse)
legends,1000,Mythical creature Noah left behind in this Irish Rovers' song,a unicorn
legends,800,Only hope remained after this ancient Greek's box was opened,Pandora's box
